,0,1
0,-32.73663514875022,-5.107069125387378
1,68.79634502826401,20.34803534882528
2,-18.52756439472984,48.10230432334161
3,-7.3532005289360995,16.284103569046035
4,-30.319188408562795,2.0057252389423263
5,20.94671101599704,-23.65024188565461
6,44.866857929104086,-13.854516182605977
7,6.30515733984593,37.242465290159465
8,71.96955114418346,-0.5999274896528531
9,-23.27097148289365,45.16919570242185
10,-37.136351042819875,53.14012433937262
11,-25.37451816136628,-8.460337038313872
12,-4.457264751389034,-42.12583146827765
13,-6.636857508994858,40.992548329753035
14,38.8909692522122,36.86052898463845
15,8.175551116654525,39.16609623101916
16,-54.230554604216856,-15.272713006300458
17,14.160393227405894,-9.153895456309918
18,22.672998178806782,3.2756954801601834
19,3.0692138357056327,-39.922480339433385
20,15.998516479744758,-39.39850642313582
21,29.87651398535622,9.227392627580999
22,-40.587600610110805,-7.665593470253472
23,-10.185153146880868,-26.638256481743237
24,-0.3359179060329983,44.35516181494832
25,-48.71283547731422,-25.12433232029812
26,1.0510855805216182,17.80067990087992
27,-67.22748458475701,-35.62355484241593
28,50.00562537088444,-15.848692773190994
29,-49.56268060669705,11.12711944818383
30,-33.98807310914058,-15.601871749294622
31,26.434994518751836,48.060568608448754
32,-22.208130656918225,26.492983885048716
33,-49.33675764598368,-32.00191855643365
34,-33.668374842090294,-24.01855849988237
35,46.57202532049682,-7.976936403513489
36,-15.924381292081105,-31.101869531625635
37,29.095604264925946,-10.59778096710679
38,12.385915805444302,-25.23850370098309
39,-24.6609273047758,-14.182247539593748
40,-40.283342120329756,31.051659129862795
41,-19.052134833151225,-34.537370092943085
42,-11.480057280742722,-26.78476607214176
43,3.236146065628353,-38.463992592193705
44,-44.318713835829875,-0.9579218881452
45,-34.90361103706265,-23.132438544242877
46,-24.274357185346233,29.95711788374383
47,8.120595040992207,30.969711835866683
48,-75.82969158628566,-24.86934481100145
49,13.74315793164251,97.82201365725747
50,24.516847690163548,-23.830911860863463
51,-16.113738192950578,-9.965933735500235
52,-27.46741317516404,7.805558957199119
53,14.532917969095047,23.02821642880871
54,-38.005490085318385,-6.564253176424192
55,20.279035497934824,-54.27400290467413
56,-13.456353940829933,6.027676636739583
57,-31.59815646952979,-27.773899409067926
58,-57.73645586397652,-20.919123339725438
59,39.45380695702312,-11.008159344930029
60,-15.450209167650975,-48.968693176036886
61,-17.827067072152683,-12.412119990296075
62,33.605652152458546,64.88890848816018
63,-28.13102705050227,-15.041831452300357
64,-28.152595630742873,19.69875708376388
65,25.466218078736762,-7.683464150325067
66,-1.894765158694988,1.1078362646425324
67,31.89171136713082,-7.4022129278450155
68,44.66704827980802,-30.254841319325358
69,32.655987443286946,-23.49436527394841
70,9.973347837644319,11.335843695546432
71,1.5808755000561243,-46.46933874370149
72,15.285207218979455,6.628083406580851
73,-17.258848200916653,46.395161355879324
74,6.104837534987865,-23.005590113669474
75,0.27744856352399355,-10.353967691488403
76,48.54248926587409,4.330561434057727
77,5.0499337413506815,17.786823246576667
78,-4.824288486640366,48.7920436282521
79,34.748756431126765,-9.52641845012183
80,-35.99386154967398,-8.836964183679772
81,-18.214032624421893,2.439080991420356
82,9.492506080610328,10.546359720464825
83,-9.13846653940491,6.403118432845847
84,9.002045384482738,42.481504800220065
85,32.59613558591096,-19.361204630426176
86,9.091832480767394,34.18601293629151
87,-26.46284138622275,-11.461673350431468
88,-8.928379867070923,-5.127141619391431
89,30.892671413167438,12.439758628372315
90,-25.173761304260914,-0.4458842187976604
91,18.653459428322446,33.20435646000011
92,-72.07772948855354,16.608953252377376
93,34.29628166781881,-23.669641091291922
94,-14.397744937114869,-42.94962929259424
95,-33.445695403793785,-42.218035203250516
96,45.828976117299696,40.43789307679503
97,-7.086976079303671,23.779933160729236
98,-11.543618271119817,35.93880144152477
99,5.608451848861358,-14.725582125818057
100,-42.66429990504604,-10.817683435104563
101,57.88699635669769,19.549964671880105
102,43.543768177100965,-78.27118367488221
103,6.949404316207463,-33.786491078468174
104,6.7343979030198735,-6.229641430802856
105,5.731495818481954,8.234110431203456
106,24.831112654175513,-18.882140136509957
107,-7.013740289139525,-12.499686026850693
108,77.58396999031237,8.999455525751447
109,15.359244231461696,-8.607003306934251
110,-16.18301711549106,-4.615938827031883
111,-63.8223794690717,15.905629920509991
112,10.026717991594658,-62.8973108581848
113,61.11041873119451,-19.245871658875263
114,-10.586571404010776,37.81532168245716
115,41.181342336176314,12.481009742281088
116,19.48657055426617,10.811818671189677
117,-61.91738626963149,-6.156623350781836
118,-8.949334025854814,-12.732786246323096
119,1.9908780427299229,-21.894522227184964
120,4.061132050203219,32.830319357361546
121,-44.55891387762658,14.042172803659733
122,-66.3779773874729,-17.398145686671217
123,-34.61214431882207,15.02365506023629
124,-52.28393855352081,-66.42741040342706
125,24.45038309135187,-4.675071950790641
126,8.806669600460545,23.47927141854985
127,-42.686452910948596,-48.205352063644526
128,-78.2041219453825,2.9909645426281988
129,8.430911543508872,11.59916080580556
130,-51.91233693372484,64.29800855333569
131,-12.83417742174686,-19.78486100345776
132,9.78599540674903,57.55882981869365
133,-2.9139608248464905,27.6991505612809
134,-69.18037917928518,-40.482950541839195
135,-8.342913930240995,44.74771847759149
136,30.687537727491744,-14.89845554033011
137,-18.713895434228437,7.554127921401087
138,-23.090272429662914,-16.936189403398558
139,-3.5980137515673154,-27.375391001173938
140,7.726332768535777,36.21183942498214
141,7.695398132584583,5.764389797265861
142,-57.021007821876545,-21.084828564468417
143,-34.12370693564231,37.575599460456324
144,-41.23599827157561,10.723247704791916
145,-12.390660082957732,20.063036041543803
146,-2.40374646281026,28.575958546844397
147,-0.33878913937703964,4.09344458488782
148,16.20421180725302,-7.672196444357498
149,-12.547055181828714,-3.210769878913316
150,44.63672991283224,-32.311348772904424
151,31.46727682794914,44.27985514737748
152,-51.72566422046004,-12.240419030164357
153,-61.322294060919766,10.162951736749276
154,-53.31885623587346,33.14947047265709
155,-55.94197850350322,-52.43563526031888
156,-0.3806944808841812,-13.629789989156498
157,-38.42945679123754,-23.241499820469986
158,-41.048656181255055,-22.19218878490945
159,4.2050493537042355,32.06528816996047
160,6.6765037910288605,81.53596657556632
161,-37.06000527805164,-29.34792382078799
162,-22.779430900507105,-20.038494393951108
163,-5.946214009760843,-25.296684904983227
164,-22.121850645504505,16.12642180233218
165,8.742061127672027,-30.95205859046921
166,-11.866400940670466,-28.25386811231875
167,-2.5876607783282997,23.20853095436641
168,8.302171990660975,21.19715647321146
169,15.44976648063737,10.11780240789252
170,-22.156483574836713,-44.44465727777168
171,3.7902278833358864,30.66254823404288
172,18.298750192854076,-3.63962809877788
173,22.123180861150672,20.683663519496317
174,1.3795531907057292,41.48168906138589
175,-18.36211492290661,-35.95850871215831
176,2.7629351424612296,-39.65877158735337
177,-41.3323342678935,-33.10879106263515
178,-53.03305390305638,-2.9750212236473126
179,-2.0500963853181577,56.67754290786891
180,-27.629431167608182,23.291587313451394
181,49.28078671729677,17.05087703983407
182,7.993014193666244,-86.7125979054153
183,-0.02302115968830276,26.457594335804608
184,16.13469261116666,-29.628210173954635
185,-29.014705347196788,-14.635131934400214
186,-2.6649903560989583,-68.72143290320881
187,10.985765885103868,-2.8800020588348123
188,-68.48778233452794,-1.7052768350619858
189,-27.480294501892782,-43.416868955905116
190,1.5842138428007826,30.337437991003963
191,45.61019289069081,-56.43185703515349
192,46.8092209211417,-34.85622438921229
193,13.73620988367573,-32.23600969356253
194,-8.753731256033582,42.01516100741181
195,12.193817813388439,51.33041390478535
196,-22.370321089705133,18.950501969109833
197,9.8590566712647,6.33098339770607
198,1.9973296671295828,24.17894558289288
199,2.567760825889649,22.115859468373873
200,12.167714489916815,-34.377330364598784
201,-27.304625326219345,-7.878553797057722
202,16.83055195055037,-37.808369454962
203,-26.25518502825826,-2.0337127225685228
204,-8.179820038659585,-3.726929012561791
205,3.4933112538759525,31.06775175461365
206,15.286699161231082,-52.64065748160304
207,-63.701922717577894,-20.20523410361604
208,64.80491804542285,-35.309321928663465
209,-39.69824092213164,22.96589423822755
210,37.499108805084695,-23.288387404155717
211,0.2290204475042215,-76.30929992675726
212,-16.06405093951627,27.83049133827237
213,16.978318490965243,-6.3133869180067395
214,6.665119870506918,-58.646459929447865
215,-25.717340650065815,-35.25747901316082
216,6.988401930994639,-8.266232378296076
217,-9.421326215927627,10.914461448862452
218,-58.783954085660085,-33.611736295688054
219,29.511268186043544,2.864311121753945
220,-23.780863543117754,-38.66542999340054
221,39.77540069425336,-14.639022574673849
222,38.241045384209436,-39.92330104832676
223,12.905862875909833,-32.77578644606655
224,-26.1810127501422,-20.170019706709567
225,30.588676284355255,25.732148024452947
226,24.396157504890173,-7.488427074516095
227,-28.75782875868599,18.946295364271773
228,4.992552001297866,6.158104118409193
229,-39.15670836088819,19.78345902350539
230,-11.391479712398455,25.765140179193132
231,31.51392013133957,35.96696835484055
232,-5.068795318066872,-14.634590476225622
233,-71.22053358308165,13.161589351129972
234,25.53976224651178,20.98841016021075
235,46.357009037623875,37.902118516327434
236,5.695329752438689,65.4096112961112
237,21.362084265703352,-33.94670996849403
238,-3.749574864899404,-3.2485343374390876
239,11.769225910236601,34.01276346209089
240,17.615466508181328,10.697784290616841
241,47.523119151119566,9.690503652108685
242,-38.65433366761661,20.04885970764291
243,-9.994496543657522,38.05169430570031
244,-69.7825239755238,5.71488245932789
245,19.23699814936111,20.101861142587147
246,16.36317953639931,-61.491973581240096
247,-8.019158879263971,6.462974788455702
248,13.384537814342583,21.42766144332815
249,-2.6862587273337577,-64.49563451188409
250,21.21852570818638,11.934596924871773
251,15.832406220167409,12.907866608228105
252,-23.950759969893262,16.28684703796025
253,-47.35845083857796,55.738421260006994
254,-35.53660869960944,2.250616333636282
255,54.155051718943724,-38.433053579089275
256,-38.78192671442892,-33.51559483140904
257,8.735805914675117,26.34158865753448
258,-22.3740446720895,-25.587958570847118
259,17.65530099532317,16.145352888563746
260,12.254624421493007,-93.12772559027805
261,54.82236789178753,-71.6816191668873
262,39.71050192860242,6.417019306048983
263,11.127257147811589,-5.613292421909573
264,-8.965031356561944,-12.602347379305462
265,3.975575719087978,3.3486688075207898
266,15.711874493808649,4.59413609446639
267,-17.4970755692916,47.93342834001427
268,-1.4774612534828342,-25.94402600258198
269,-12.123657674333918,20.999098654959095
270,-40.29343738468115,5.043467187112928
271,-11.897268089108389,8.03830270453204
272,46.40561681431865,-11.297416088776151
273,1.6219715444681546,-2.9273061226574604
274,17.826264074881404,-19.727714910581817
275,12.236785303884005,6.362659085402925
276,25.9169532451434,5.290653175305381
277,16.039497568106384,44.14531193459446
278,15.441802906443005,-0.954099159303519
279,-0.832502929408953,37.25928518288169
280,11.997170493235926,28.485841193094604
281,1.859481911266243,-32.7152720988862
282,-5.441410553702813,-33.867307535560364
283,-58.42113947631337,-44.64293031968987
284,-20.296002538746066,1.7516303958754622
285,-14.224969978748538,-41.76490874247724
286,25.283900646811357,20.19959007885126
287,0.26129304813846826,53.139311653033175
288,-25.287220285349317,-4.501835852281845
289,-10.411326944784657,9.530475749836446
290,51.739493531718416,-37.14371354549789
291,4.113018853624443,-4.8675132854308245
292,13.791721414201053,-8.457268007490567
293,-36.780589016778336,-10.1944891326596
294,-20.165753056020353,-19.941459738725264
295,-30.177012763255284,-30.942616793407744
296,-15.879846936107745,-45.46068115495025
297,86.04265007586476,-96.90326894952271
298,41.332252736214556,-6.192152344802296
299,-44.27950260153249,-33.18691747020263
300,11.65730527820214,-20.575899566787413
301,-3.6461059979389496,19.22489949480904
302,-15.791400816122579,-5.878344464622402
303,-8.897679372462502,49.37326875476693
304,56.9220718232782,26.036645608203074
305,31.45523004066096,-2.179025134237624
306,72.85519956318416,29.116202312399434
307,8.07829860182986,-6.7716116993476065
308,-38.58622343166359,28.423082480543375
309,5.830509515128296,57.48397917482332
310,-5.3670572871096285,-47.61833251474129
311,-13.838798898348331,6.21832660509464
312,8.85543744873583,7.542843110195132
313,-51.52523977095678,9.534978415003698
314,-37.280668584449685,6.038627297049939
315,-12.919645617937237,20.306939155467745
316,15.369426031715252,-34.93490985478905
317,-0.3793850227645764,9.96906861253689
318,-18.46678526146703,15.90793484988891
319,28.59812116484835,31.565910178345163
320,-19.477791351574016,-67.99926168732789
321,13.252480473468951,14.570326735089271
322,40.50340951155648,-3.9581156495716368
323,9.690613243503314,-16.398757183650382
324,-41.827637757395465,56.0751230772688
325,19.57746497765958,24.35994722212086
326,59.1183335789075,8.193242688098106
327,16.360662275349977,-22.597204160748838
328,-66.40291090835827,1.325512939178227
329,-7.726149091699478,3.8065469247775896
330,-0.4163627844899674,-50.8769114416753
331,-40.98909611332833,-36.84640003650622
332,-5.5237934512746465,-5.596553808825268
333,66.95975236153762,20.15057212602361
334,-26.600284487259813,21.788311974348833
335,19.61201419871118,-24.015741809981417
336,-1.567236664662168,14.868633754846595
337,22.297209269023963,-25.596380018706775
338,-23.18725896087163,-18.428687696290076
339,42.5395236056929,21.770562581326768
340,51.173519371930766,10.581474181328666
341,-29.79692687672804,-0.8243919376437789
342,-9.883614366716714,23.10054443191235
343,11.174050235414866,-18.246085311554996
344,25.93314670013521,30.312594283109405
345,16.33136042976542,1.9561360021590788
346,-17.5811891243174,55.674365185715445
347,-5.288821392325368,-15.204267728358358
348,10.952162934659206,20.161644245110008
349,-23.71790088394243,-17.463512973350717
350,-7.7893065361173,45.68396656987625
351,36.146252392916615,-21.582018134026363
352,9.997166765370022,18.126623746331823
353,21.175629210737867,18.95603454811054
354,33.68397503663431,-3.6844225843138383
355,-26.377851520377664,-40.75052154624812
356,-66.92258575235296,-10.681136251317156
357,11.363695352808465,33.19183874047563
358,-15.952077035189355,7.725303444356714
359,9.161119512329476,18.408035700643754
360,32.75428466123368,-10.108042960566213
361,-5.810630556366309,-14.279210342111549
362,52.10302630254478,37.68323394261331
363,-7.854742195537939,34.40517173780864
364,101.76702233808794,-17.35006317524299
365,26.192378064811074,12.99780845553986
366,-48.60951135995209,36.267900589205496
367,-15.898158658768919,21.513678758970766
368,-18.904480446457498,-36.598081374911466
369,31.7517781712992,44.28843928561122
370,6.34554798896501,59.96248148577979
371,-3.126113456213717,-8.180931002659243
372,10.280242351667965,30.381423626359457
373,-36.12220384251306,-15.26509486468589
374,-44.64094600160493,-54.46045235092722
375,3.1618032376877343,21.33680683677899
376,40.38080252653467,-48.41765628675097
377,-12.506694503096814,53.221353144507376
378,21.261397275961116,23.378257861325945
379,-30.72916391579284,24.62888555203912
380,-37.26575562570755,16.66751240758119
381,-12.744672639609908,-8.177465927559943
382,-23.507916659318102,-21.20442735236118
383,1.179164776804637,2.9707324062945166
384,43.78854175878356,28.241862901341932
385,-29.690720560282635,43.50806004855478
386,38.13865590729207,-4.199145150317304
387,-26.138784333665175,-14.88127885007941
388,-45.51233266123574,33.81681043516601
389,9.312021479278576,-8.551979229900848
390,21.634115789009073,-19.15093594492242
391,-3.0248755801794625,-12.69233308734096
392,58.17771820735709,29.261241529572565
393,-27.915765535191646,-9.120599996308847
394,1.5799291869552219,7.7496629044953975
395,11.90095636057657,43.11994255393279
396,-14.200954951489877,-59.95400981839209
397,-66.07926445316089,-36.036877299374375
398,-4.193175522208715,-0.49574999222027066
399,13.03367121911485,14.681614926650102
400,48.25050331385935,23.73382181913877
401,25.428603483921563,-29.769778917597808
402,-17.701763954903257,-2.969623540005663
403,-22.153443612740848,-13.82760751512263
404,-15.040389084247117,31.283445774250172
405,41.91045545087351,-26.51479251641241
406,-8.899477183497078,21.64758929965248
407,-72.83308533382252,-40.48627302187839
408,-7.445482443080023,18.82710931549092
409,37.44488942603482,-12.851331202742298
410,-12.701069125753916,-51.285615088955616
411,16.14762015653869,34.92638001889457
412,-24.122680686055627,-8.6753513505679
413,5.13761723400238,28.54351135492985
414,-13.35963840386497,-25.897535262877703
415,-5.882989421969669,35.84078859839124
416,20.209014343948578,52.64407050595996
417,-33.67988106371376,2.2980680498566586
418,18.691004846250596,49.0727070484589
419,9.662746602694572,-37.84627715728721
420,39.806409921613934,-0.44006345873806874
421,8.019708960786259,-38.29392959974476
422,-28.306915839355508,-38.56454299324997
423,9.717467967667545,34.36481821985936
424,-24.69744203728636,3.300547542980215
425,11.866328430893113,58.392677166752904
426,15.083645095706615,-13.19854960075636
427,-8.55759174754496,45.259705748209285
428,-50.71126433429564,40.116263789428764
429,27.043614855080893,-3.4171076884379143
430,-34.01165523725965,14.917778246080957
431,-34.511693172354626,31.667702212335477
432,-13.76826069158352,-6.658296370790438
433,-23.733184033718114,5.356473690580194
434,-10.770140286272254,-30.372008441080453
435,-34.82097689971058,-30.62913588244955
436,-0.37357631177168876,2.626319843402586
437,3.6718391281531795,39.87866719056552
438,34.35680472149386,16.00487411998008
439,5.087447992211814,-20.260029957844424
440,3.4594515003484356,36.51614906966689
441,-40.81565860417107,12.940652638124678
442,26.979903200842003,82.33151583541881
443,-27.40105095799712,77.406316016419
444,-22.94620949525619,10.638798148884534
445,47.36097183739441,-44.6287496570779
446,-8.301512085888136,17.526954238868093
447,1.5349568956406245,5.1319765244829805
448,-43.626607666756456,62.21613050334207
449,-31.493652149459425,-3.688719567494293
450,26.643898778781555,-38.746169952045726
451,-18.229775892403953,27.822413176069862
452,23.460749395622184,63.974354995253286
453,-10.371359447977778,14.204604203013318
454,-42.51164519937477,-28.90224284141118
455,28.17493038565897,10.0319868189722
456,-56.361046650989024,-29.960108799974673
457,0.7313464373373748,37.146284696779325
458,1.8659908337310833,-40.22855427519883
459,-14.625970327895923,-1.3488567285471145
460,2.256521933641718,-21.301937888204396
461,5.204863458543851,-6.0600859457962555
462,-4.324955150902343,69.76639731728098
463,36.107839696061276,5.741911409295518
464,-3.469066875654989,-3.0318032467979292
465,-40.74099360879029,47.67579573465611
466,-0.03634688971959627,-35.32746287687529
467,14.807338444749815,22.949984756581692
468,-30.144039287089686,-37.5542009624538
469,-18.86599469257478,43.516697289717996
470,23.256004298549385,19.926027759184084
471,6.728763577890778,47.73506239251867
472,-16.778913410006012,19.664897740290893
473,-13.860582521324034,-14.518357884175671
474,57.75662769321169,-36.60691183288512
475,-5.500469345220083,-13.446974785892676
476,18.020611314932324,-48.38868761209527
477,27.22626554532901,-12.87765429121971
478,29.01248296935668,15.085992985895034
479,9.566626068483739,-9.57587193624515
480,-36.95254768944921,4.870795548807167
481,-5.836035695980016,-78.38079033236883
482,-1.5527635840738792,-8.997450064525202
483,12.211741861931658,-11.453828044311683
484,17.02950287429783,-61.62751023100358
485,31.33745366232726,11.202305606997475
486,-23.54713367614047,-0.22801033163866524
487,0.14828938983816753,29.498383665653783
488,8.358831008761495,-28.93043711052607
489,-49.47249649172253,-1.625933691820092
490,-51.13461514026643,2.800301321836121
491,-48.57997903098203,32.76214958514142
492,-3.76844175302433,40.4865157425216
493,-25.385205470453844,-16.087546826246662
494,30.574442044847217,8.754292728044161
495,-51.11455154665838,-38.47507512304036
496,36.190570000792796,18.881328626196744
497,-47.7902569475158,-41.818714995719155
498,-14.737341920624589,-16.521606572799282
499,29.738985708521508,-2.0205533358881316
500,-8.733032455184732,-1.8715676486306154
501,33.54230918138938,13.989837255838497
502,40.22724427516188,-35.48429808256255
503,47.72962589166457,0.4088356602632587
504,16.248977608978496,50.65666931593098
505,-20.401565225169684,0.8485983463970537
506,17.040272218515877,12.42294931669013
507,23.892016486785856,-16.029665002789606
508,13.863435089421221,31.136240065527996
509,27.243558230008052,1.1946470828364597
510,-0.8888272226806829,-19.084233737461027
511,17.17600927754038,90.34243782352057
512,-7.051965649438006,-0.3166605289929338
513,43.039361742077304,19.824465165752265
514,23.991224824232344,25.671492503592372
515,28.91438827386732,-25.537216449309696
516,-25.460068956258755,-15.611290164467809
517,-18.68376429286621,30.475540664384773
518,-12.319400667389251,-26.2398849844995
519,-25.497910190612803,38.56290333082826
520,30.579419004561196,26.562787481307776
521,-35.00039260457208,-19.961979428571315
522,-23.083213757610366,-28.89904678200976
523,40.20020287750599,-55.88614201538467
524,-7.54906637536246,55.31298399364635
525,-5.831793717306439,-35.391384258938714
526,-9.636952673192749,-52.13620174057453
527,13.6069895908959,12.035008106281547
528,-22.868966916155205,-55.7734555345804
529,-23.729424757134275,-19.644202069405363
530,-16.642533989184724,-39.98463674908374
531,30.26872964844701,36.06956215060726
532,-3.015656963023597,-3.7212891011725446
533,-10.228207767429465,-4.265529232664044
534,-22.916298505713474,8.852003828208355
535,-45.4835986955927,33.564892058529196
536,-77.15953788143652,-54.731559144739435
537,10.257336978943181,37.435116025608224
538,-3.499778072981416,-11.2562297958183
539,37.19489843032347,-15.132782276082615
540,49.89844858022732,-39.833223273695744
541,-33.777744835961215,-9.591560995245342
542,-0.42515380227664207,-0.1338289732519675
543,22.36810202710134,-74.66952200502968
544,12.377987765036234,-14.390306553062576
545,64.79767919034524,-5.087474931466857
546,-19.561547295747705,-73.37579980227825
547,-0.29899603048613654,-29.230173655842744
548,-50.166291382011714,7.985654613913461
549,31.5593647356829,13.347232810661747
550,13.976501022821257,-25.81947395442665
551,38.08191855377462,37.62788884139523
552,21.73301507545039,25.466852693769308
553,-44.29022027280526,-33.37537228987798
554,34.20485222216645,-73.66855122837335
555,-41.24162783841138,-19.263357028420366
556,-7.948526271623678,32.834050566120894
557,-6.548959918378306,-18.941764500121295
558,-8.815443010014315,9.139579695012644
559,-55.77722258553371,-34.853548714498004
560,-31.160564406484415,-22.189201880557242
561,22.16812042963061,-3.7148849614395387
562,1.6194755961264038,7.307692946987051
563,8.685130167826129,-38.026556443806484
564,31.453919537873855,-0.17590364465083758
565,-0.14977352772244618,8.696734124090469
566,-3.544764240592125,59.298001357379285
567,25.785990963685958,30.30236410446287
568,18.458196214068618,16.638954607618786
569,2.718695212205294,-48.56955819296513
570,-20.29530733197831,57.069167545839164
571,22.770758739366414,51.64097590215583
572,-33.84887015656775,15.879541109705825
573,5.78507420441554,2.1481246636024878
574,18.888935107653424,36.071234503869995
575,-35.04288331894497,24.113666489284242
576,16.241495736276832,-65.70130190984652
577,30.154520876331105,-3.4367901953100253
578,28.820589242973032,36.75952244729675
579,10.633388205628577,-46.92506582728018
580,-57.07508401494887,-25.915656393251005
581,9.307465537563836,17.682297105376207
582,16.520538368717226,1.122944537944081
583,12.001249562089553,12.807433024953625
584,-25.85067827835845,-17.31183214206851
585,-26.934841376828413,-70.55649564695145
586,33.152241884540835,19.2031264560943
587,-45.979005664676826,-28.937031444910286
588,27.588637759845554,33.74582571176222
589,-2.11652215312239,3.9724460833064676
590,-3.784464017914036,55.45912043194972
591,-86.8210544476619,-47.59131787078583
592,39.563157487747745,-37.164281977184665
593,-13.488494007817588,-71.05188790870461
594,-56.100363003591895,3.9703713699004974
595,-15.436119851688947,39.46176728309257
596,-47.98482622597759,-31.640449967285587
597,35.65274599527462,-8.407054679497472
598,-67.06442433208433,-33.64629439616613
599,-20.60735779513662,30.9881184938743
600,-36.46412997875366,-8.902786323616933
601,-61.717049673929615,-19.620762359761784
602,-22.714398062773224,9.135417271959646
603,-32.914377489738776,3.949966950169323
604,16.007285785090676,23.064309614300555
605,19.687895440680734,-11.629026314567827
606,-1.3920686613215045,-65.24127372815647
607,11.474410864558422,18.252799182602246
608,16.276613652913316,32.482328986682134
609,38.72587091540397,-16.675819983081144
610,-18.821461891247363,29.01895046498387
611,36.89742422416599,7.088688352242728
612,-64.27335453519788,-29.416158314681255
613,-12.370239705969816,-37.969521857942546
614,-31.056142287250115,-24.244483114399138
615,-6.124844733318459,-27.77257992977645
616,-23.38413482450572,2.899907500341176
617,26.306785099793156,-34.776352602971876
618,-69.64723743490192,25.16563941233867
619,-17.888973271011587,7.587080300368907
620,-16.298929722532904,49.28080305627498
621,29.8907105115983,35.50508503175735
622,-29.746200709364317,-51.1937720856284
623,-57.030346074279066,-5.678879661821577
624,22.558633603766367,24.762382341858878
625,39.703036141600954,5.880819945394287
626,-2.3826039163358796,2.332517204406243
627,21.09281910760995,28.44526916402413
628,-3.535493219167555,-39.28291763869282
629,-4.4553148600146395,-28.432428225290685
630,-8.053700614030362,25.783815763976246
631,34.74484546911869,13.621394097335585
632,-25.61042572333692,59.0153267424313
633,19.1993253974543,27.548918504126533
634,11.568088095909756,0.596024373577721
635,-51.574172302739036,-52.38643646771081
636,-13.626182718096489,-18.45800220284843
637,-61.122224170817155,-44.380874346880276
638,-28.27348943758976,39.3263367000875
639,33.868928636199016,10.701840116405336
640,-6.719943898054649,-40.29496511730578
641,-15.133762376962354,16.06407377151887
642,-3.4957719737542323,-61.811345270997904
643,15.281311006701415,15.23340325973443
644,-17.007773054419655,2.917954455393916
645,2.580544119807355,47.75593078128241
646,31.715019223089264,4.570040036149957
647,57.27553051555779,1.5888291482788421
648,5.085415184156268,-3.8593106140581552
649,19.552801078569573,4.561666351555851
650,-11.899431838442062,-10.06960745159304
651,14.736977364443478,-5.488795466590723
652,15.003031734163036,21.170427767041286
653,23.079998516053223,-53.19925012056883
654,-5.097626229374955,-23.31785625887036
655,-54.188370716727945,-17.79934668889858
656,-14.546969911126741,-86.86939416984706
657,20.217069788879932,-37.85180681105319
658,34.03456672603142,7.821599459088474
659,51.42116170582042,-67.33502233597038
660,-24.937342483442766,-25.26303357847283
661,-14.941584533942985,5.2915897167471835
662,42.5052812550967,24.762884344504226
663,12.636273481633832,16.050587296293354
664,5.156526148655652,-32.80189013176926
665,30.71034688741794,-15.938735904811844
666,-30.809451873301928,-29.31095783127172
667,11.779192986544912,-32.990193898411654
668,-62.126530625921276,-13.41282954786971
669,-18.469535891397637,-14.048856372215782
670,31.15759068770903,-7.032412000885341
671,-2.6863327122941705,37.22987433647649
672,-45.40915237628371,7.219145089607978
673,28.620771403030147,6.643965321365217
674,-6.908927877900988,-69.19713260834082
675,31.01598841224795,0.8866503169156044
676,-17.824533238418287,-87.1123517860613
677,14.090440732579745,-9.849293668679755
678,-27.373787782048748,-34.24839376928449
679,-2.4691093737405776,-27.543736081966973
680,44.54405249599003,66.47877663260597
681,-21.45602810361105,-5.86232502674307
682,-36.12996516781082,-3.45640586397647
683,-24.363656084378658,-24.440608944976947
684,-23.056459928201587,-4.28398649654437
685,-30.09022503065974,-16.125616651149922
686,-12.087795772190685,-20.878036432931893
687,-3.3358818445697587,5.881305990847999
688,28.540631345348764,-62.337752702635946
689,-57.01594138321533,4.927271087436623
690,51.66184996368744,3.926480187212107
691,-22.279064989855055,-60.90170961478569
692,20.827420245712567,-22.526413822606763
693,7.058614331707783,-25.999037692587375
694,-3.5230099948359803,-2.6094873552968427
695,26.487589356705527,38.763094486070706
696,-19.32361182263236,31.86807074532891
697,30.607303007907507,-32.69157425120274
698,-26.560902785360575,-40.215131446160356
699,3.1044841824995206,0.6453049810522874
700,39.32082983162783,27.57959314610626
701,-54.577026583830666,-25.013342856894166
702,-35.10921319264917,2.4899900492053804
703,12.304282104524841,-49.056723529694125
704,4.147462463820859,9.982695834533088
705,-2.1197152618349597,39.02459746219954
706,-10.717178362122004,-28.393186701501335
707,21.815194665513683,8.082147607076564
708,-39.22301097587459,-44.52948377537486
709,35.26035779866461,12.426079383299887
710,23.557554281581684,56.03889282796429
711,12.86580509141571,3.684605867819802
712,18.591905030845588,4.1568547773537095
713,-17.00053307496889,70.37425914970005
714,10.341797309478018,27.63002462818198
715,-4.4527660850526445,62.4759523593013
716,-60.324816650514336,-3.5536290913487125
717,-39.08375615034116,-12.83576238191695
718,25.088682383969278,2.981799866108025
719,22.904723598271612,-33.166313792853884
720,-58.11813781470821,5.926020719394052
721,40.93155467900854,-39.601746384463546
722,13.210153701139822,-13.507812846406377
723,-24.334728518196094,1.4063956585934196
724,-6.607368899510761,59.11640942829907
725,4.9111310146520575,14.907168176113112
726,-18.458347626919952,50.97457837524311
727,46.49720887617501,22.457280571046738
728,-14.550930835680273,-14.117217958061067
729,-23.38288609084831,68.1170116580007
730,-18.95668158149418,23.469200002709375
731,-32.79355057645282,36.362054941503146
732,-23.704221311065403,-9.883041785343016
733,-59.524404271009445,22.91185969518311
734,23.204234733754355,-24.38305624834449
735,0.8193511014138323,-14.908972702121519
736,39.03595728036967,-6.072383590008652
737,-38.86523898061145,-33.434890749004076
738,-43.00852663922917,-23.876726611487616
739,28.836436255275945,14.262534039778556
740,-2.6112315234300962,-19.319313228955597
741,4.384821529273032,-13.838663110782814
742,47.535901770400464,-22.229338210891633
743,10.447400616378504,-19.973554972258977
744,-27.81646176233304,41.5262587392072
745,40.32036326401669,-10.291984403036754
746,-11.930360236210035,52.2784477076236
747,-17.090785647440242,-24.47428083460819
748,9.98296757790448,34.0825965038995
749,34.415842300427016,71.12357645978939
750,-33.920759101430484,53.69236288311175
751,-2.9848911361527057,17.616533194795814
752,-4.472941501957851,-2.418635796411841
753,-58.26157494853666,6.964325912924954
754,1.618437435331301,18.35705775248132
755,17.078560990433783,23.830645162454445
756,-43.33380776485386,-1.3996335494431105
757,4.1958860820513,22.369204125899337
758,31.25211090022872,-46.88385662849439
759,47.07936051099012,27.75165193975466
760,7.7617291608115435,9.015864449472307
761,41.41735684989088,-65.27989635599488
762,-40.189129174563945,-44.29212430137232
763,-7.021477757419055,50.326287477266646
764,32.36395272283704,-25.202212710557813
765,-45.485762246455174,11.425182152506906
766,-7.576478413532619,-8.941853239941166
767,-19.042216486895118,-35.78488797106502
768,22.409601877752525,-5.5833344429640395
769,-71.41486783223678,0.24276067633168333
770,-65.34026598278288,14.334353071504117
771,-36.055689794205975,46.45014521744738
772,-5.5653410492930435,-5.106917727277205
773,47.2225225956472,-47.204068252507575
774,-6.880081518247271,21.332933330208576
775,-29.248707523743505,-39.65637992729718
776,32.31183900701723,41.730757264892745
777,-2.2438934292290966,-7.797624797710937
778,24.72527535270511,-33.806713429884724
779,4.233266606115481,-11.360074346770826
780,-4.896644067620968,0.9508061179288115
781,-88.21328367239789,60.75268010120284
782,-11.61332613737766,-61.43674536302433
783,27.760057051163297,0.15601965749093802
784,-43.47461757263568,-38.22886300269103
785,21.192302820327786,47.18490122843518
786,18.055954419279345,-41.946102087072404
787,39.372207152429844,-1.8471024105129872
788,5.968726650610923,5.985610468169015
789,-18.77730951051722,-35.60654150880668
790,-51.73648887789734,50.31681945513945
791,-27.82255491964359,6.314747864364199
792,-15.102936742918365,4.382301472145713
793,12.780814080467067,21.831433827472935
794,-11.362763418599547,11.340627142887142
795,-35.93316525942444,34.343810322294345
796,22.688915484121164,43.83303653329209
797,27.52780963747537,-44.52622906452737
798,22.049788199274918,-19.732469346295265
799,-51.50846794961785,-51.545515489949615
800,24.78581461441836,46.35942911116518
801,44.21248786797494,7.713863471998636
802,6.183153234222194,23.799636624928933
803,10.42522963857782,46.040027829096225
804,0.8099753028716319,45.736395041695125
805,-10.036274367485547,-29.17156082862315
806,10.864849393566601,-25.473416318243988
807,29.50128976140371,17.7193579468342
808,1.045666989786279,-39.244657777523166
809,4.034837296890865,25.106082777509027
810,67.15811293159695,34.691419479038615
811,-42.98687612927147,-4.86151629251415
812,40.77157488084635,-18.117495263252138
813,25.695604036744427,-11.971098636001411
814,-14.10595823734155,0.1747404432306301
815,17.09947180381769,30.687601315022885
816,1.034677747339951,39.30568093345556
817,58.58251002551939,10.945107909889916
818,-49.9527670078375,26.832261651255536
819,9.266240797672555,9.412432595407004
820,-46.40873797971549,-5.299777996877568
821,-23.987486679017703,0.7404551728291133
822,-24.11723791831021,53.59296690218393
823,-7.559760312823937,85.5799523291118
824,-18.75601846814338,-61.399264359507306
825,30.641314395298195,2.2614223113282503
826,13.906794920562747,3.4863654415348018
827,-21.94152709715608,-17.561900507889494
828,1.3688699904527473,20.395017665786238
829,-15.319178739547603,-30.365909168477888
830,-19.218159999162964,-37.86087041884777
831,-22.351375251338148,25.171522843489857
832,68.30508064573407,-35.8628946141374
833,5.185691236899375,17.471247363302865
834,-17.667881714903267,-21.047002473971183
835,32.55637628385573,2.2462814530364477
836,-26.851585230086457,35.47199760467315
837,-86.35482151264632,7.102776244351674
838,19.06905863243063,60.95409174546284
839,6.8647868162950445,0.142707805948618
840,52.425381815743734,-22.749429984780953
841,-9.699729962204545,49.492539737032835
842,-8.476781217090414,-4.722542708108722
843,46.73691824628916,32.238439312047085
844,-25.633681968712406,52.936628999953946
845,-15.735253761566412,-51.46832044273819
846,-7.22001900285411,10.040063171635115
847,13.987761121263016,27.606981453664403
848,6.7026362867736635,-44.2506163068117
849,-21.09593839048977,45.506289437811624
850,34.43955158401469,33.9266071284778
851,-75.5641334429944,0.4027630006792615
852,-15.57652696987859,55.72126310341688
853,-16.97545215664686,63.575434935005546
854,23.334514621023295,-7.149898229673162
855,1.5350739444005053,-56.75758098945175
856,49.26239847518622,-19.705336616227367
857,37.20269995203112,14.766652940572419
858,-76.06159602991987,-5.000884811496442
859,-66.4409693758986,2.624446334092721
860,21.59054446708719,23.75259006944705
861,4.6369698421243175,-66.14582781507312
862,-29.81352660558299,-16.436660053902003
863,-0.37153357878410415,-38.43495024520104
864,9.879578892079195,21.8160901426376
865,21.647048903028978,-26.97614198234422
866,-32.48511233813684,32.31460433365351
867,-14.090323324753015,8.626840692975197
868,5.209214287141717,30.983529839421852
869,-22.002243312748856,-15.300998423156376
870,-14.937155069345994,-9.493494649138327
871,18.00407716616518,-26.043771794004606
872,46.420200021896406,15.341722346313965
873,-8.609039667900483,-35.88059614671369
874,80.04081522867705,-6.309580669610222
875,-7.893174388308003,-23.570408544981046
876,-5.90137993989908,2.0972182182738086
877,27.081839856849243,-17.734952130318717
878,24.761674116375787,-3.824959044743405
879,1.3880066011965075,43.66074301197714
880,52.46780918794804,-42.43942617286538
881,9.680167542468954,-49.07745562561514
882,9.599069341754426,26.447918963563502
883,1.3542484742043368,-5.73436238122535
884,-11.200163985594878,14.112957575751947
885,-24.437864855843262,12.377238346593186
886,22.14218863648335,21.91023061277502
887,12.011255947239924,-75.23310683754275
888,-45.128269162467724,-10.163301286939745
889,-28.344011747142556,-21.09415356268671
890,15.95212158460927,34.216724022509474
891,24.53597225518164,-43.25093091902466
892,35.560056035831494,-2.894607342449445
893,8.941479948589745,-16.674339691403212
894,-29.960705007706807,-44.04384502611728
895,38.98736399962004,7.93763240941629
896,-10.937568969043763,70.40815096076157
897,-61.763464441799385,-6.497990497340662
898,29.84875359096561,-17.614794421796148
899,14.249959226663627,8.253047341814625
900,2.8029524782793387,23.43331404752628
901,-0.21392319980354008,-0.8978749461637264
902,4.749593085324295,20.03378149330938
903,-28.258392768072415,33.83219016728441
904,-13.372915561120797,-55.93110855682088
905,-20.1657375493744,6.040409078993782
906,40.15861112344788,6.948207282333853
907,-1.908240173896439,13.033956445981987
908,6.689705224261314,57.05949716448486
909,-1.9183029028988714,-24.311045362967818
910,-24.555436746383926,-19.690187492644366
911,-33.495922511820716,4.116971943021609
912,-40.54720897106103,4.133273234513594
913,-3.879089140982655,69.35126899355404
914,35.80251669703927,-14.366609079492319
915,-32.1743264494448,0.1923660307065284
916,1.8300822152860117,38.246461691430696
917,-23.308927608141612,16.286553568587614
918,-5.478372030841053,38.25482234951222
919,21.461229869383377,2.701052915366555
920,-9.4710282309909,-77.74654020469828
921,-32.388834069971885,19.086907454778636
922,9.291666165614924,48.01078474899031
923,87.33577584178677,-22.137484321961736
924,12.80407655865933,-13.969626379625302
925,-44.08302746236648,-7.847692701696079
926,12.957807465931273,-4.400162919198026
927,38.15013473216691,-19.168598678259617
928,-73.39010055956953,-34.328828889250396
929,-28.976666315296132,34.45687890374658
930,-8.295574505133587,56.855290530988256
931,34.90195927587083,4.048132793230132
932,47.39091577104343,-12.753122221224324
933,-24.120164471736658,-16.08115470515734
934,34.23670655488803,-20.26857647657139
935,-8.855224803277917,5.923046690378644
936,-38.188465163166065,-10.859044569699927
937,-1.0064776819241887,-12.95938964487424
938,-14.73009230645446,7.529802957529433
939,-15.673061791513776,-40.787808022368566
940,-44.506752513380874,23.751045204621143
941,2.1670622079893906,-18.518333146016545
942,1.5745338792453276,-17.050025551695164
943,-13.62153430510575,31.49726790114308
944,-2.2623073628067014,53.996001983627366
945,-14.140001580940117,33.566734446326855
946,0.00443570010492164,-4.800411894417834
947,8.801575722171785,10.204290930707987
948,-29.041022945102192,19.480405458499543
949,-4.677697431685439,-23.854635057346904
950,-16.305529814341334,64.25670961825347
951,99.63536199153067,40.232709470720415
952,52.91676867811292,-45.63705773787658
953,33.26897980887796,11.786280020035198
954,-6.304043669658417,-37.44907195337732
955,-13.456879543853995,22.876581454364956
956,29.908833076092918,2.945676076307448
957,19.65668987748596,14.569504470532065
958,-3.641148549674877,-7.240378451120301
959,3.2539943150495314,51.93554417745599
960,-32.4988478763125,-25.649834258484066
961,-2.0755909549728453,3.8212505640700947
962,-71.15651919080341,-20.797924806155873
963,-19.645643410947375,68.68801185235753
964,-27.421639339806116,-66.03522830745672
965,28.154627843160664,37.8153105060859
966,-4.544173230810896,-70.20206779869426
967,42.63288556711998,-58.20489659881458
968,27.069162017342272,-25.628607588539946
969,-28.142995738925478,10.46169492808057
970,-17.36007616186821,-66.64315866240032
971,2.3829838389168665,1.2346178313776315
972,-4.081942268273704,48.98349756253939
973,-51.5095931632928,-22.114598876981972
974,-8.949047079514854,0.48029796249811235
975,41.6393552420621,16.404912396746536
976,31.264631215569477,6.658739446716197
977,-35.255174852317445,15.965971957699393
978,-87.31735375339862,20.86286553462131
979,-17.531128156569093,32.138771517117185
980,-4.7457669058032,-4.7038086322781245
981,-19.13100145601593,-38.853303135096574
982,-5.8432287231435485,-79.5468790631816
983,-10.163831800064566,-85.19039934519527
984,36.953222903666685,-13.77103402301666
985,28.73048262956257,20.246150119456004
986,103.76752893556863,-43.65092909011532
987,9.65377488675146,31.2046731377565
988,48.126844435526806,-10.946760712906606
989,48.86202054961456,-45.48293864473024
990,-40.30944773156305,29.759766780654232
991,-4.9912777625400135,-7.757963206560247
992,-25.055351869353473,65.66796253905113
993,12.647782546118544,-44.12481722155927
994,57.09801266089282,-35.81075470246857
995,36.63801908528511,-19.50287165716551
996,32.54409880509657,-4.755943806706164
997,-19.213402609244874,-84.60465169328276
998,-12.651917704229854,0.7969860498394048
999,-11.725356635210604,-16.43486386175409
